{"OIJmB7IwLYN+KvOntQrifg==":"logo-black-small-122x122.png","pbgZAoi+LjGGQ91uHRvyLg==":"logo-white-122x61.png","usnZstcJ9j2K3E/SkLqDCQ==":"logo-white-1-122x61.png","hxGw5qI2Qty0s4oVC83MKw==":"logo-white250-244x244.png","g11Ky4sj9wSL2pM83NfR7w==":"roninaks-logo-blackdrop-1536x768.png","e7+Bvxjz1tjcHdiSl6xsYQ==":"roninaks-logo-blackdrop-1-1536x768.png","3zRfDKVNb4J/4Ft7Bn3S+A==":"roninaks-logo-blackdrop-2-1536x768.png","DojRUS2YGOLRzTCnZ2YkdA==":"roninaks-logo-blackdrop-3-1536x768.png","WbR/5JqsC9eLEwSYkuhEOw==":"roninaks-logo-blackdrop-4-1536x768.png","dvbrKEr5K39WplPKEXoWwQ==":"roninaks-logo-blackdrop-5-1536x768.png","RVwFNe/M0qMrFDltfMJ9mw==":"roninaks-logo-blackdrop-6-1536x768.png","ijxfUdyJrVtN8FLj4JLWOQ==":"roninaks-logo-blackdrop-7-1536x768.png","rGZwh/PWqvFwWHw5+3ZIAQ==":"roninaks-logo-blackdrop-8-1536x768.png","kHmsD5FVSBZnR/jJ40qbrQ==":"roninaks-logo-blackdrop-9-1536x768.png","uZBscir6vVMzlD8V/b9ZaQ==":"roninaks-logo-blackdrop-10-1536x768.png","d9PiWPsKHkh4koSvTUdlZg==":"roninaks-logo-blackdrop-2732x1366.png","s7Mx8AYSY6vEJtDLucxsWA==":"roninaks-logo-blackdrop-1-2732x1366.png","gqvE1Ycgl4npkYw3OJ+BIA==":"roninaks-logo-blackdrop-2-2732x1366.png","rDINpv9gbQm+Ci2x4LLRnQ==":"roninaks-logo-blackdrop-3-2732x1366.png","4eaX+QGYwJLfhUK+UAFayg==":"roninaks-logo-blackdrop-2698x1349.png","Cnsqm6B6KtNYmu+M0o7bqA==":"roninaks-logo-blackdrop-1-2698x1349.png","jCSxU08JxA15F4CWNsSv7A==":"roninaks-logo-blackdrop-2-2698x1349.png","8VCkLWmFXzv/6Fg/WngPQA==":"roninaks-logo-blackdrop-3-2698x1349.png","mYNI+XqINuiTmZFc1CP/Yg==":"roninaks-logo-blackdrop-4-2732x1366.png","jhHJf4rkGuvu9g7Z+1YPJA==":"roninaks-logo-blackdrop-5-2732x1366.png","VPl23ZFAPtnFOtQvXlgI/w==":"1-2732x1821.jpg","nj6cnuN+9I3eL6y0CirDLA==":"1-1-2732x1821.jpg","G/Fp6s7TtvsjlbxAZYq1IQ==":"1-2-2732x1821.jpg","Kt5PKasEZsY926nuTXMp7w==":"roninaks-logo-blackdrop-6-2732x1366.png","iL3FIK07/mHRHdmHLGgkjQ==":"roninaks-logo-blackdrop-7-2732x1366.png","GQt6q+C/q5BMnKky4QYHyw==":"roninaks-logo-blackdrop-8-2732x1366.png","TC4f0Pfprj6WYpIXYqeygg==":"1-2698x1799.jpg","1Zrs2h8tPQDwASeCsAmr4Q==":"roninaks-logo-white-122x44.png","iVsOVoGsTNnQYI+/+Pcd4Q==":"logo-white250-250x250.png","p97rvBAEqKUrUDDKkZpEOw==":"roninaks-logo-blackdrop-4-2698x1349.png","W8l7AD+X+4n3D6AvdkxX6g==":"1-1-2698x1799.jpg","PblDEwtQSBTmCbE48fAU6g==":"1-2000x1333.jpg","RUYJZj5n/R7ubdt/dYdReQ==":"roninaks-logo-white250-122x44.png","JKhmUOp3OEMOZCBqMjK0Gw==":"roninaks-logo-white-338x122.png","LD+f+E/5jsx3UduzFJaX0w==":"roninaks-logo-white-336x122.png","GYWt1QwnKmWM9bzKssrUAQ==":"logo-blackdrop-2000x1000.png","vImPhM2dWoUx34IbvoLtrw==":"logo-blackdrop-1-2000x1000.png","Y6Vk1MyZ3zeoDL8GQaPB1g==":"logo-blackdrop-2-2000x1000.png","gwF790WjeGi+E18xZuInAw==":"logo-blackdrop-3-2000x1000.png","JcOsgMAQFARKciVspZtS6A==":"logo-blackdrop-4-2000x1000.png","4fCyktPi7pwAQ1nFQZ3CwQ==":"logo-blackdrop-5-2000x1000.png","/3QWojjqHNYn4TgCP6gSyg==":"logo-blackdrop-6-2000x1000.png","VxCN7wCoD107CXwrucLApw==":"mbr-1920x1278.jpg","z0GMFQEDqLT42vZyRkex4w==":"mbr-1-1920x1278.jpg","l4nwRu4JIKeE90FYckqHWQ==":"mbr-1920x1440.jpg","W3r3mcBdrwdYhP37F8ffeQ==":"roninaks-logo-white-334x121.png","VxlfYKCO+xcobkidBI/fFw==":"mbr-1920x1280.jpg","87rZNm1gulNBzwLTdvdiaw==":"mbr-1-1920x1440.jpg","xnd4UCYXWHcxyliJ+++eSA==":"mbr-1920x898.jpg","RJdV/22d98WVLEkPwjgk9w==":"mbr-1920x1271.jpg","wYzAeLx8TuftbcUjgQTKLg==":"mbr-1920x1275.jpg","eM/DrNDxMBXVXdWviPeDhg==":"mbr-1920x1080.jpg","62qEZ4w/w7817HIWWHElWg==":"mbr-1-1920x1080.jpg","VSIFlgMdwYsoAtcFplKoXQ==":"adventure-air-aircraft-36487-1920x1307.jpg","ijBo42nAYze0JiZVz7n5hw==":"accomplishment-action-adult-1058958-2000x1333.jpg","gFNqlqTSbd56qe41zxSkRA==":"mbr-1-1920x1280.jpg","IJdM3qf+thkgPvIKdjM5Cg==":"action-athletes-black-and-white-802861-2000x1331.jpg","c0M+xpK5K0gK5s+02l2I8w==":"biker-384178-2000x524.jpg","cgm1ezRrXExWphAunWFQ4A==":"biker-384921-2000x1333.jpg","0MbqyURmrMJWzpRib+BTWQ==":"horse-430441-2000x1333.jpg","RKxw0zOSCZaBZSGnMh8prQ==":"battle-black-board-game-411207-2000x1333.jpg","31gMrPgY9JW+4BkVh/LzKQ==":"logo-black-small-192x192.png","0qYJDnlgt2pezavLJ+YetQ==":"roninaks-logo-blacksmall-192x192.png","8TM5ctxQuwQ4MbKUrIa0/w==":"roninaks-logo-black-192x192.png","iIKSK4BpgoKAZLQO7IqxWg==":"roninaks-logo-white-192x69.png","bj+KuOBBPRsded95hCypSw==":"logo-white-386x194.png","buDNTFH6mf1BVQk8S62ZmQ==":"roninaks-logo-white-382x138.png","sY4BZjXoLKAB+BYr5cAABA==":"roninaks-logo-black-192x69.png","jf1phJX3/OLci5SygSRw0g==":"roninaks-logo-black-1-192x69.png","IRWBnPf/6zgS0CZnfINgIA==":"roninaks-logo-blacksmall-250x250.png","IdwhQXZ4WHsPvf2IJXnAwg==":"roninaks-logo-black-1-192x192.png","OlKCkVR93OeaJwf5J+CnrQ==":"technospan-website-presentation-mockup-510x333.png","dw2qjU5ImLjQj9qqGoh72g==":"technospan-website-presentation-mockup-home-510x1308.png","jHaEr4jAE4YKsbHoKbF5Ww==":"technospan-website-presentation-mockup-home-1-510x1308.png","JC9PtywyNtEF5ZhnQo3WZg==":"technospan-website-presentation-mockup-home-2-510x1308.png","K+MC1gy6GHs9AozeJLA11w==":"wins%20india%20shot.gif","DbEkQSrwdOuVYFw5+C7EpQ==":"project_technospan-510x660.png","hUap/1cYsyw0EglPaG9EIQ==":"project_cc-510x660.png","tdrg9EvwOoGHZtUx+S1QVA==":"project_wins-india-510x660.png","3OvCaGc8Q+r+X1LNPWrP2g==":"accomplishment-action-adult-1058959-2000x1333.jpg","zUIKspN/cIAtvLKvMrIGkw==":"face6.jpg","0OOE1Usrtktm437Z/qTMRQ==":"background2.jpg","ouDNzwAYaw3tGOo4SH0Qlw==":"project_technospan-900x1164.png","JnIpX6stmQnlQS81fDXUYw==":"achievement-adult-agreement-1437866-2000x1369.jpg","9uX0+Hc1KRpTlccTxi2NDQ==":"action-athletes-black-and-white-802862-2000x1331.jpg","ihlkf69UyfSmhSyJ1Jvc6w==":"jumbotron.jpg","JkoXqh9rTlJiIS6BXvsOTA==":"ezgif.com-crop.gif","FzRuhOYbsI+lypdHt6JpHQ==":"project_technospan-size2-596x397.png","MfPlZZHH2KwtgqA8bqA+ow==":"project_cc-size2-596x397.png","2RFUdWi/haQI7LgH222/eg==":"coffee-lady-ill-size2-596x397.png","EYQCrV6aAobqMocM7Mjfgg==":"coffee-lady-ill-size2-1200x800.png","utxgI/Vq3bByOrSdoCtEag==":"sat-website-size2-596x397.png","tcAmuWMySp8AhlxGhD6YdA==":"jiyanna-care-size2-596x397.png","aadpLZXyMtebmTlQ9uGDvQ==":"nbc-india-size2-596x397.png","OXuox7NPGuwOMqlHsb1jrQ==":"galexy-diamonds-size2-596x397.png","MdLSd/qyfrWqFEsdvJrfWg==":"cafe221b-logo-size2-596x397.png","lZHTQiYJ4/RVlBYRufWF0A==":"charecter-design-size2-1200x800.png","M3KKv5djwv5SHouIlGSZcQ==":"neonet-size2-1200x800.png","j8bE6+V+CObM3teQm4k++Q==":"galexy-diamonds-size2-1200x800.png","4LPC9TWPg8SkJK69BgpYSA==":"neonet2-size2-1200x800.png","JplrZqbQP/Udhma60moJcA==":"project_cc-size2-1200x800.png","6QVWWiTQFYJ52ZHaYZJfwQ==":"shakesphere-size2-1200x800.png","QVo5/qe/MyI/+tKp5EVISQ==":"spicies-logo-size2-1200x800.png","mK+NakNogT0wjkhbuPPhvg==":"cafe221b-logo-size2-1200x800.png","BbJzcyFyAGGbUN33/XH62w==":"jiyanna-care-branding-size2-1200x800.png","e2sT+JtBpB7/2RKSJ7tdmA==":"multystar-size2-1200x800.png","cuDxVqbHPDUclR7WBD/mKg==":"enguru-size2-1200x800.png","+r5JI+3D4EuLaatSjjnX3A==":"nbc-size1-510x660.png","CCD+nQJOQwCt1VFr+QihZw==":"nandu-size1-510x660.png","CpHdNj58glmlSuuoHfXutg==":"nandu-size1-1-510x660.png","7nfp1xtQLMP8d9F16YR0ow==":"nihal-size1-510x660.png","zmT4Xh+wBJsKPUp9KgPfxQ==":"robin--size1-510x660.png","U4eP+q0XC4lfpKS9nX4e0g==":"nandu-size1-2-510x660.png","H3fahLJqTwL0O8SsorR0tg==":"nandu-size1-3-510x660.png","V6DZrksinzgZKvstVpYt3Q==":"nagu-size1-510x660.png","Rq09hQr0JzfzEADtSMEIdw==":"sk-size1-510x660.png","f1uU0gAdXmb/kHAQO+qtRQ==":"logo-231x86.png","Z4aCA9xyUDhyc2IiWAdy1w==":"logo-1-231x86.png","tmligNNEq0/ZNPuTr+Z2Og==":"logo-2-231x86.png","Z1cucrcSbFh7UdnWmcSlcg==":"roninaks-logo-blackdrop-1162x581.png","gBS64JsqBOOzkQ2e0RXgLQ==":"roninaks-logo-blackdrop-1-1162x581.png"}